{
    "10": {
        "temperatures": [
            0.2,
            0.4,
            0.6000000000000001,
            0.8,
            1.0,
            1.2000000000000002,
            1.4000000000000001,
            1.6,
            1.8,
            2.0,
            2.2,
            2.4000000000000004,
            2.6,
            2.8000000000000003,
            3.0,
            3.2,
            3.4000000000000004,
            3.6,
            3.8000000000000003,
            4.0,
            4.2,
            4.4,
            4.6000000000000005,
            4.800000000000001,
            5.0
        ],
        "ground_state_expected_values": [
            9.965992156862967,
            9.758960629921388,
            9.404066666666802,
            8.896145098039376,
            8.165392156862673,
            6.939174603174601,
            5.70014960629915,
            3.491354838709671,
            2.301236220472473,
            1.3656825396825314,
            0.8695748031496072,
            0.5235238095238058,
            0.15199999999999989,
            0.24006666666666557,
            0.16225196850393678,
            0.12628571428571447,
            0.09996086105675134,
            0.08148705422568848,
            0.06482974559686319,
            0.05055968688845394,
            0.04040900195694646,
            0.044095238095238146,
            0.0304274509803928,
            0.02105870841487259,
            0.018449926722029705
        ],
        "ground_state_stds": [
            0.3730377890905558,
            0.6020915173777656,
            0.8070745594888059,
            1.047260872851593,
            1.2478681205210418,
            1.58773531978866,
            1.6374225885590932,
            1.5681680610310624,
            1.3485851609467279,
            1.1165238405518008,
            0.8899864505708892,
            0.708442711042985,
            0.3590208907570699,
            0.4904773140070353,
            0.39690372438808535,
            0.37991792883866504,
            0.3154594673993163,
            0.28338076374007476,
            0.25476407945347324,
            0.22239463491514586,
            0.2004622569830487,
            0.2112511267396052,
            0.17292085243610214,
            0.1452737966922331,
            0.13581828145601668
        ],
        "total_energy_stds": [
            12.561495788289,
            11.270878910235865,
            13.316294754039241,
            14.088247345022028,
            14.526895121994126,
            38.23320496366533,
            28.38310383906151,
            44.07503234527737,
            22.53321993837176,
            45.10228885191439,
            29.583984178073276,
            73.52920514305569,
            77.55900234015276,
            79.94951595589691,
            50.51311313403652,
            106.56067877218008,
            21.33213202384514,
            16.377727239904296,
            28.990505548320677,
            23.27332055376605,
            25.863674504382136,
            48.02205717167832,
            26.40582698401903,
            21.29711612023553,
            21.098889074176252
        ]
    }
}