{
    "100": {
        "temperatures": [
            0.2,
            0.4,
            0.6000000000000001,
            0.8,
            1.0,
            1.2000000000000002,
            1.4000000000000001,
            1.6,
            1.8,
            2.0,
            2.2,
            2.4000000000000004,
            2.6,
            2.8000000000000003,
            3.0,
            3.2,
            3.4000000000000004,
            3.6,
            3.8000000000000003,
            4.0,
            4.2,
            4.4,
            4.6000000000000005,
            4.800000000000001,
            5.0,
            5.2,
            5.4,
            5.6000000000000005,
            5.800000000000001,
            6.0,
            6.2,
            6.4,
            6.6000000000000005,
            6.800000000000001,
            7.0,
            7.2,
            7.4,
            7.6000000000000005,
            7.800000000000001,
            8.0,
            8.200000000000001,
            8.4,
            8.6,
            8.8,
            9.0,
            9.200000000000001,
            9.4,
            9.600000000000001,
            9.8,
            10.0
        ],
        "ground_state_expected_values": [
            99.79080941176292,
            99.5376113725497,
            99.08313686274803,
            98.5412117647075,
            97.94595490196303,
            96.39098412698681,
            95.53429682539775,
            95.2741543307054,
            94.32697165354291,
            92.85857401574657,
            90.13371904762077,
            87.96244126984412,
            85.76331811023731,
            81.34096456692967,
            74.7488795275614,
            64.05979606299108,
            48.478358267716146,
            28.848252380952204,
            1.6402999999999979,
            6.22822549019615,
            3.100042857142853,
            1.7148190476190546,
            1.1274354330707852,
            0.7182000000000215,
            0.5101698412698221,
            0.38568121330723076,
            0.2952184750732928,
            0.21737142857143157,
            0.17271450980391206,
            0.14463150684927312,
            0.10265984251968654,
            0.09365590551180732,
            0.05417333333333344,
            0.06722189638316174,
            0.04986666666666652,
            0.0469839215686258,
            0.04216456692913318,
            0.035140117416822575,
            0.028990588235294146,
            0.027312023460410034,
            0.0232025641025608,
            0.020463052503048588,
            0.017981436248160662,
            0.017244004883999874,
            0.014958133854420484,
            0.014959055118109807,
            0.014749206349206396,
            0.010668851858634748,
            0.009971764705881793,
            0.008430498533721692
        ],
        "ground_state_stds": [
            3.524801104761934,
            3.5488573543532915,
            4.1358483525473995,
            4.424380894131956,
            4.540062138885725,
            8.916177092893246,
            9.401938583326444,
            7.274260524273149,
            7.245298867543315,
            8.353214918776752,
            11.287555031144233,
            11.419181390405388,
            9.703374879132088,
            9.081160944981791,
            8.722500314486094,
            8.516585117786313,
            7.407108055487163,
            6.422703996633827,
            0.9169056167349026,
            2.5072955096445604,
            1.7830078024395313,
            1.3194414699611048,
            1.063169554556874,
            0.8326158042340126,
            0.7295756995080783,
            0.6258880983707407,
            0.5438110073377029,
            0.46805624252625044,
            0.41373418110304927,
            0.3787492615914174,
            0.32053279347745667,
            0.3106930095221178,
            0.2409119824518702,
            0.2589936246031037,
            0.22492957910322967,
            0.21751529433787567,
            0.2034372537781944,
            0.18702220515310838,
            0.1701266446078752,
            0.1653548469731339,
            0.15229952492561105,
            0.14288094035227897,
            0.1340852948293735,
            0.1313773455848481,
            0.12269505056583051,
            0.121551025774461,
            0.12283005665076477,
            0.1032913206465037,
            0.10013018578194992,
            0.09214237362391813
        ],
        "total_energy_expected_values": [
            6.191432549018123,
            6.613739999997843,
            9.015385882352872,
            10.331178039214555,
            11.825059999996427,
            45.37220317460174,
            48.219753968254054,
            31.560690551181644,
            30.706175590551908,
            43.3666897637798,
            85.56545238094951,
            90.8909857142799,
            76.30989763779448,
            94.81788897637897,
            126.02388897637483,
            183.8618070866101,
            289.04603622048165,
            498.6879936507977,
            4236.711999999996,
            674.4417109803945,
            847.0033841269772,
            929.8704444444484,
            960.190018110252,
            1097.6391888888757,
            1140.207941269856,
            1085.9879835615443,
            1133.235699120089,
            1327.5835507936813,
            1263.769309411734,
            1317.0193726026496,
            1425.76779133859,
            1493.6395259843098,
            2300.9360200000133,
            1511.267127077095,
            2165.186246666633,
            1666.5636682353024,
            1755.808825196865,
            1738.7065686888357,
            1809.8015305882025,
            1837.5336783968944,
            1874.1059397558006,
            1920.415746324819,
            1981.5682267709067,
            2028.8761914775057,
            2080.6966904739706,
            2210.6416448818286,
            2359.5447158730585,
            2228.2729888588183,
            2302.5543843137475,
            2337.3954239490386
        ],
        "total_energy_stds": [
            132.9880614642127,
            133.15655104113614,
            167.52747020671987,
            175.30870083752498,
            177.069056253943,
            358.3619389087611,
            353.29276583638585,
            281.58391974957925,
            253.2088435879537,
            325.05188778287,
            447.886460869576,
            438.3727777255441,
            394.06174355692264,
            383.7185422353993,
            372.7897136142182,
            380.93382791704977,
            428.84344432131337,
            589.3025691318185,
            568.9963694577457,
            281.77482997435607,
            528.9290738823877,
            532.9448442971984,
            400.88221160986996,
            581.9192863421257,
            503.9493528848567,
            226.48352339045118,
            156.31240847266793,
            569.5090840059611,
            299.6515793769039,
            214.59913917832893,
            387.08462708104196,
            430.41022107940717,
            1100.2089953306483,
            175.89112187797943,
            839.5618285901741,
            328.8042671799878,
            405.1866630713213,
            220.09414788275902,
            262.53524198036405,
            178.24263680962426,
            116.76782940956923,
            124.55090292217592,
            144.6548417921264,
            135.95903112195302,
            144.1165810907487,
            372.2672175316393,
            425.00607273011246,
            112.31502427351114,
            253.85713445846574,
            161.37944099781788
        ]
    }
}