{
    "2000": {
        "temperatures": [
            0.2,
            0.4,
            0.6000000000000001,
            0.8,
            1.0,
            1.2000000000000002,
            1.4000000000000001,
            1.6,
            1.8,
            2.0,
            2.2,
            2.4000000000000004,
            2.6,
            2.8000000000000003,
            3.0,
            3.2,
            3.4000000000000004,
            3.6,
            3.8000000000000003,
            4.0,
            4.2,
            4.4,
            4.6000000000000005,
            4.800000000000001,
            5.0,
            5.2,
            5.4,
            5.6000000000000005,
            5.800000000000001,
            6.0,
            6.2,
            6.4,
            6.6000000000000005,
            6.800000000000001,
            7.0,
            7.2,
            7.4,
            7.6000000000000005,
            7.800000000000001,
            8.0,
            8.200000000000001,
            8.4,
            8.6,
            8.8,
            9.0,
            9.200000000000001,
            9.4,
            9.600000000000001,
            9.8,
            10.0,
            10.200000000000001,
            10.4,
            10.600000000000001,
            10.8,
            11.0,
            11.200000000000001,
            11.4,
            11.600000000000001,
            11.8,
            12.0,
            12.200000000000001,
            12.4,
            12.600000000000001,
            12.8,
            13.0,
            13.200000000000001,
            13.4,
            13.600000000000001,
            13.8,
            14.0,
            14.200000000000001,
            14.4,
            14.600000000000001,
            14.8,
            15.0,
            15.200000000000001,
            15.4,
            15.600000000000001,
            15.8,
            16.0,
            16.2,
            16.400000000000002,
            16.6,
            16.8,
            17.0
        ],
        "ground_state_expected_values": [
            1996.1107490196077,
            1995.8319475882354,
            1995.053587509804,
            1994.013770490196,
            1992.8271641960785,
            1971.91868515873,
            1982.272303031496,
            1980.139152007874,
            1977.4993286614174,
            1974.7332213385828,
            1947.427142063492,
            1943.5894528571428,
            1936.881975952381,
            1962.289453543307,
            1958.629052952756,
            1955.1097956692913,
            1951.8655369685039,
            1946.5463709448818,
            1942.1441711811024,
            1938.226885,
            1935.1015184645669,
            1929.2304521653543,
            1955.0375945294118,
            1951.787791372549,
            1949.1942823921568,
            1945.0091380784313,
            1942.111378882353,
            1937.3167674509805,
            1933.1921611568628,
            1928.6540252549019,
            1923.8302582745098,
            1918.8659309019608,
            1914.36557772549,
            1909.132804117647,
            1901.0521405686275,
            1924.1167273776907,
            1917.539830958904,
            1910.6408504892368,
            1901.8794218101762,
            1891.4580943933463,
            1879.1150284344424,
            1864.1603776908023,
            1847.169067925636,
            1823.8704274559686,
            1798.5774103620352,
            1766.585050489237,
            1726.1494369471625,
            1668.6420619373778,
            1586.880631340509,
            1479.3483805675146,
            1331.2496748434442,
            1138.6286934408602,
            856.5759321428571,
            517.8883830980392,
            216.37558741682975,
            53.11728474559687,
            13.935442677165355,
            5.539723622047244,
            2.917918307086614,
            1.6461283333333334,
            1.1617432677165354,
            0.8584833464566929,
            0.5987503543307087,
            0.3950317741935484,
            0.3808693307086614,
            0.296763937007874,
            0.23985007874015749,
            0.20694562530532487,
            0.16542968253968254,
            0.13956602362204723,
            0.1160336862745098,
            0.09771822580645162,
            0.09521851417399804,
            0.08450475824175824,
            0.07089598425196851,
            0.06750792379091353,
            0.057855909980430525,
            0.052406104054714214,
            0.045009491691104596,
            0.05916306451612903,
            0.0384235972629521,
            0.034831612903225805,
            0.03106740157480315,
            0.031367,
            0.02966437007874016
        ],
        "ground_state_stds": [
            70.73301610175642,
            71.10077910203049,
            74.08308658610311,
            78.60212919209434,
            84.2633587311083,
            184.58918213038172,
            140.15161992652054,
            146.68750725159722,
            155.07388835934842,
            163.29955901960025,
            246.44200777562895,
            253.1375381112885,
            266.63475422964234,
            197.72135728326862,
            205.8717512201552,
            215.00728934985548,
            220.5141533370075,
            235.05509151619873,
            244.49575132442328,
            248.30806080669726,
            252.83479070541046,
            266.48958653811667,
            194.266946103037,
            199.54447732893755,
            203.9027383670167,
            211.5197708783211,
            212.734971043507,
            221.32809688038984,
            228.86279520441065,
            235.12095056179876,
            242.58944711530117,
            245.54309756423055,
            249.37290165939217,
            247.29309883468756,
            254.49684450713102,
            189.49241792705837,
            190.36645534818277,
            194.50231695239063,
            197.0284896388934,
            194.45914463229,
            201.998066672281,
            203.3044325340171,
            202.5560073773834,
            207.10265199717574,
            206.9483938709769,
            200.88218070366756,
            205.07409546338485,
            196.23247070555885,
            185.0723971331864,
            172.9601828218935,
            160.53840149142437,
            94.62090059756805,
            93.88074289502052,
            73.93856046732938,
            23.71561114041872,
            7.898091263678179,
            4.1160904724344,
            2.4147265186425755,
            1.7536198886300043,
            1.3407970274905077,
            1.1321522693602961,
            0.9358347600870713,
            0.7924958216685304,
            0.7816042604529113,
            0.6555647395404103,
            0.5787550312213514,
            0.5602804159104169,
            0.4562370923378836,
            0.4531729455158574,
            0.3923025435556739,
            0.3653634603505837,
            0.4835260475587846,
            0.3106430179601209,
            0.29272135553858747,
            0.3450894833850039,
            0.26596275641054873,
            0.2525568524887906,
            0.23506314540805914,
            0.21723572388986742,
            0.3758962058913497,
            0.20868782102824118,
            0.1974625301789463,
            0.20352487713915474,
            0.20996893686508702,
            0.24091358586948344
        ],