{
    "10": {
        "temperatures": [
            0.2,
            0.4,
            0.6000000000000001,
            0.8,
            1.0,
            1.2000000000000002,
            1.4000000000000001,
            1.6,
            1.8,
            2.0,
            2.2,
            2.4000000000000004,
            2.6,
            2.8000000000000003,
            3.0,
            3.2,
            3.4000000000000004,
            3.6,
            3.8000000000000003,
            4.0,
            4.2,
            4.4,
            4.6000000000000005,
            4.800000000000001
        ],
        "ground_state_expected_values": [
            5.0001660000000525,
            4.993660499999955,
            4.958624666667065,
            4.889966750000209,
            4.76784620000018,
            4.583378500000459,
            4.352143000000423,
            4.056187499999759,
            3.7496945555555325,
            3.453874999999979,
            3.187454363636345,
            2.950777083333316,
            2.7422864615384457,
            2.5584237142856994,
            2.396188199999986,
            2.252359437499987,
            2.124114294117601,
            2.0091142222220544,
            1.90561842105249,
            1.8120544999998656,
            1.7271397619046338,
            1.6495593636362413,
            1.5786566086955351,
            1.5135010833332212
        ],
        "ground_state_stds": [
            1.585064658758015,
            1.582736968273684,
            1.582790388877028,
            1.585772503826703,
            1.5994126463001415,
            1.6391977791187813,
            1.7094362543096602,
            1.8354173816455222,
            1.9679990306101798,
            2.0847518999574075,
            2.169321458158604,
            2.226636593865817,
            2.261933626810131,
            2.2808500823555296,
            2.2874040402855758,
            2.285044945248412,
            2.2763306246203734,
            2.263104710558833,
            2.24658677053772,
            2.22775326035652,
            2.207295264731039,
            2.1858779797149257,
            2.163746370372273,
            2.1412656625031112
        ],
        "total_energy_stds": [
            1.5850955763221677,
            1.5919839211203106,
            1.668986757522661,
            1.8982414790908917,
            2.413023780922356,
            3.219879405040852,
            4.161610541893485,
            5.3381620878898035,
            6.283187097209684,
            7.024958786718794,
            7.783532426959685,
            8.52877839389102,
            8.983543624700609,
            10.028495946073264,
            10.443824647314415,
            11.1591567072997,
            12.375618547971493,
            12.59752751847697,
            13.260040084950857,
            14.441285032852797,
            15.061670691617426,
            15.900318040747228,
            15.85627145506154,
            16.731753476301716
        ]
    }
}