{
    "10": {
        "temperatures": [
            0.2,
            0.4,
            0.6000000000000001,
            0.8,
            1.0,
            1.2000000000000002,
            1.4000000000000001,
            1.6,
            1.8,
            2.0,
            2.2,
            2.4000000000000004,
            2.6,
            2.8000000000000003,
            3.0,
            3.2,
            3.4000000000000004,
            3.6,
            3.8000000000000003,
            4.0,
            4.2,
            4.4,
            4.6000000000000005,
            4.800000000000001
        ],
        "ground_state_expected_values": [
            4.9925214285714405,
            4.976591428571328,
            4.879667142857089,
            4.670098571428822,
            4.282267142857107,
            3.668157142857155,
            2.9692466666666095,
            1.9274400000000012,
            1.2893866666666531,
            0.7934553333333457,
            0.5107266666666778,
            0.3420271428571346,
            0.23280666666666822,
            0.15553999999999849,
            0.12393266666666652,
            0.095988666666666,
            0.07142866666665691,
            0.051593333333333484,
            0.041110000000000264,
            0.034499999999997796,
            0.027853333333333296,
            0.022476666666666152,
            0.019145161290318912,
            0.015420078740157467
        ],
        "ground_state_stds": [
            1.588425028438241,
            1.581035116240191,
            1.5832872686033999,
            1.577478337273712,
            1.5672663562688964,
            1.5284521688456258,
            1.448822820714298,
            1.2493098280250863,
            1.0537877824727697,
            0.8580194057662907,
            0.6956088019058347,
            0.5777384522976391,
            0.47874250833709114,
            0.39512948308118134,
            0.3490177084326006,
            0.3081063277586009,
            0.266087602576456,
            0.2278701266560022,
            0.20263259338023468,
            0.18541597378147248,
            0.16678586617443217,
            0.15043758214695557,
            0.13825844742017504,
            0.12397714066660476
        ],
        "total_energy_stds": [
            11.521835603120506,
            7.420292525263464,
            5.695725707807091,
            7.464008005354253,
            10.349280108021217,
            9.351827051192705,
            18.71088442471836,
            27.603444976241637,
            16.2796527720532,
            11.561895071007081,
            25.905397941277077,
            15.840048783675403,
            20.266523650976357,
            38.94423608186257,
            13.60205647007738,
            15.856901249323158,
            17.87600177822103,
            24.764807952357515,
            47.824910140834255,
            16.608075750222202,
            20.384208570109113,
            23.872058070594715,
            17.56744973290187,
            17.13852101438056
        ]
    }
}