{
  "10": {
    "temperatures": [
      0.2,
      0.4,
      0.6000000000000001,
      0.8,
      1.0,
      1.2000000000000002,
      1.4000000000000001,
      1.6,
      1.8,
      2.0,
      2.2,
      2.4000000000000004,
      2.6,
      2.8000000000000003,
      3.0,
      3.2,
      3.4000000000000004,
      3.6,
      3.8000000000000003,
      4.0,
      4.2,
      4.4,
      4.6000000000000005,
      4.800000000000001
    ],
    "ground_state_expected_values": [
      5.0001660000000525,
      4.993660499999955,
      4.958624666667065,
      4.889966750000209,
      4.76784620000018,
      4.583378500000459,
      4.352143000000423,
      4.056187499999759,
      3.7496945555555325,
      3.453874999999979,
      3.187454363636345,
      2.950777083333316,
      2.7422864615384457,
      2.5584237142856994,
      2.396188199999986,
      2.252359437499987,
      2.124114294117601,
      2.0091142222220544,
      1.90561842105249,
      1.8120544999998656,
      1.7271397619046338,
      1.6495593636362413,
      1.5786566086955351,
      1.5135010833332212
    ],
    "ground_state_stds": [
      1.585064658758015,
      1.582736968273684,
      1.582790388877028,
      1.585772503826703,
      1.5994126463001415,
      1.6391977791187813,
      1.7094362543096602,
      1.8354173816455222,
      1.9679990306101798,
      2.0847518999574075,
      2.169321458158604,
      2.226636593865817,
      2.261933626810131,
      2.2808500823555296,
      2.2874040402855758,
      2.285044945248412,
      2.2763306246203734,
      2.263104710558833,
      2.24658677053772,
      2.22775326035652,
      2.207295264731039,
      2.1858779797149257,
      2.163746370372273,
      2.1412656625031112
    ],
    "total_energy_stds": [
      1.5850955763221677,
      1.5919839211203106,
      1.668986757522661,
      1.8982414790908917,
      2.413023780922356,
      3.219879405040852,
      4.161610541893485,
      5.3381620878898035,
      6.283187097209684,
      7.024958786718794,
      7.783532426959685,
      8.52877839389102,
      8.983543624700609,
      10.028495946073264,
      10.443824647314415,
      11.1591567072997,
      12.375618547971493,
      12.59752751847697,
      13.260040084950857,
      14.441285032852797,
      15.061670691617426,
      15.900318040747228,
      15.85627145506154,
      16.731753476301716
    ]
  },
    "100": {
      "temperatures": [
        0.2,
        0.4,
        0.6000000000000001,
        0.8,
        1.0,
        1.2000000000000002,
        1.4000000000000001,
        1.6,
        1.8,
        2.0,
        2.2,
        2.4000000000000004,
        2.6,
        2.8000000000000003,
        3.0,
        3.2,
        3.4000000000000004,
        3.6,
        3.8000000000000003,
        4.0,
        4.2,
        4.4,
        4.6000000000000005,
        4.800000000000001,
        5.0,
        5.2,
        5.4,
        5.6000000000000005,
        5.800000000000001,
        6.0,
        6.2,
        6.4,
        6.6000000000000005,
        6.800000000000001,
        7.0,
        7.2,
        7.4,
        7.6000000000000005,
        7.800000000000001,
        8.0,
        8.200000000000001,
        8.4,
        8.6,
        8.8,
        9.0,
        9.200000000000001,
        9.4,
        9.600000000000001,
        9.8
      ],
      "ground_state_expected_values": [
        47.72090000000002,
        47.540194999999684,
        47.382060000000095,
        47.172882499999965,
        46.82755399999997,
        46.51766166666687,
        46.00408142857158,
        45.57465000000027,
        45.06560777777802,
        44.426692000000216,
        43.76415454545461,
        42.95398666666663,
        42.0139184615373,
        41.00070499999811,
        39.73873933333309,
        38.448408749999246,
        37.00154823529458,
        35.428718888890856,
        33.82330947368662,
        32.249732500002175,
        30.768181428573115,
        29.408675909092675,
        28.154866956523602,
        26.99516041666799,
        25.9242860000015,
        24.932456538462784,
        24.015171851852767,
        23.16037607142867,
        22.36445206896511,
        21.620758999998923,
        20.92496451612805,
        20.272615624998853,
        19.6597087878777,
        19.082908823528637,
        18.538510571427754,
        18.02416138888803,
        17.53740918918799,
        17.076602105262683,
        16.6393269230755,
        16.223615499998825,
        15.828282926828185,
        15.451600952379897,
        15.092437674417699,
        14.749622954544499,
        14.422138444443556,
        14.108783913042492,
        13.808758723402999,
        13.521267499998595,
        13.245438775508624
      ],
      "ground_state_stds": [
        10.023728008579418,
        9.900516368453196,
        10.035383574618422,
        10.157944385611055,
        10.497150297915306,
        10.866264371842831,
        11.288264028202727,
        11.473941775929015,
        11.619933211581206,
        11.930493113740356,
        12.185201927435335,
        12.523572883689326,
        12.884663935780026,
        13.232435806011063,
        13.834482312830058,
        14.44949452724631,
        15.248093534157189,
        16.220237705571027,
        17.20546404748432,
        18.12333838392517,
        18.888407673372193,
        19.47850425705471,
        19.938105698244243,
        20.295586720475516,
        20.56611782009581,
        20.767662376226884,
        20.9094345930235,
        21.007644047921218,
        21.067600092436873,
        21.097157769010497,
        21.10113267098886,
        21.08405662689102,
        21.049681961463754,
        21.00089467864124,
        20.940725538497453,
        20.87086928803723,
        20.793031889243807,
        20.708209369119572,
        20.617973545833063,
        20.52348422193741,
        20.42527679790715,
        20.324281862994034,
        20.220981836673683,
        20.115885055406515,
        20.009391423370783,
        19.902027315768684,
        19.79404166655917,
        19.685687604028384,
        19.577273960534253
      ],
      "total_energy_stds": [
        701.5755782081065,
        683.835346378524,
        744.6574234113575,
        742.5563877621063,
        878.1440471517492,
        866.9941849659608,
        1065.8052257544355,
        938.9671694699778,
        955.1289935301622,
        1060.7943576972302,
        1057.277518382675,
        1119.9617706714828,
        1144.3768316114313,
        1110.6882864588883,
        1122.9625428873608,
        1178.0134162737631,
        1183.9956542939574,
        1375.9876155701759,
        1196.31581894871,
        1288.2740782804578,
        1137.0846233197847,
        1067.0991397613932,
        1128.063157786835,
        1209.4074203075215,
        1123.921277722749,
        1151.1975841290473,
        1032.3637395398848,
        1097.75817044352,
        1112.2805766714305,
        1239.6626867207663,
        1143.314042978497,
        951.8128204532865,
        1030.0678271227928,
        844.5321031807625,
        980.6154419138777,
        856.9193028064291,
        992.1229463054158,
        1046.901606316152,
        984.9531720350863,
        978.8322806027538,
        813.2229012429141,
        1113.5275549449466,
        834.7985982709789,
        750.2678215413283,
        836.8417421982729,
        662.1371190895499,
        578.3339981458683,
        582.4928086022596,
        688.132094296182
      ]
    }
  }
