{
    "100": {
        "temperatures": [
            0.2,
            0.4,
            0.6000000000000001,
            0.8,
            1.0,
            1.2000000000000002,
            1.4000000000000001,
            1.6,
            1.8,
            2.0,
            2.2,
            2.4000000000000004,
            2.6,
            2.8000000000000003,
            3.0,
            3.2,
            3.4000000000000004,
            3.6,
            3.8000000000000003,
            4.0,
            4.2,
            4.4,
            4.6000000000000005,
            4.800000000000001,
            5.0,
            5.2,
            5.4,
            5.6000000000000005,
            5.800000000000001,
            6.0,
            6.2,
            6.4,
            6.6000000000000005,
            6.800000000000001,
            7.0,
            7.2,
            7.4,
            7.6000000000000005,
            7.800000000000001,
            8.0,
            8.200000000000001,
            8.4,
            8.6,
            8.8,
            9.0,
            9.200000000000001,
            9.4,
            9.600000000000001,
            9.8,
            10.0
        ],
        "ground_state_expected_values": [
            99.80452352941177,
            99.7080894117647,
            99.56616745098039,
            99.38452470588236,
            99.1707725490196,
            98.16432222222222,
            97.75189682539683,
            98.14690551181103,
            97.30034444444445,
            97.69664173228347,
            96.27393015873015,
            96.26567619047619,
            95.87075238095238,
            95.68376666666667,
            95.14594603174604,
            94.66202063492064,
            94.67175079365079,
            94.45908253968254,
            93.99209682539683,
            95.02936850393701,
            94.74365118110236,
            94.4969157480315,
            94.27504488188977,
            94.07402598425197,
            93.62451811023622,
            93.42970393700787,
            93.00022677165354,
            92.71593070866142,
            92.57353543307087,
            92.01212677165354,
            91.8435346456693,
            91.43922992125984,
            91.63566062992126,
            91.24359527559055,
            91.02485826771654,
            90.5688062992126,
            91.22930196078431,
            90.0945283464567,
            89.78122125984252,
            89.61773937007874,
            89.05732283464567,
            88.97253385826771,
            89.5931305882353,
            89.22449333333333,
            89.17539137254902,
            88.78387647058824,
            87.29214803149607,
            88.15277098039216,
            87.86278235294118,
            87.6433168627451
        ],
        "ground_state_stds": [
            3.492499010966647,
            3.698450652379274,
            3.688117526332211,
            3.7999736280788383,
            4.248621168631223,
            8.263993410946787,
            8.984520482853508,
            6.909296364385766,
            9.061846996747857,
            7.1692729991407935,
            11.534747245352618,
            10.582253801855904,
            10.889980532827021,
            10.9003828956848,
            11.96505831121345,
            12.84454439606289,
            11.836950221816926,
            11.405652958609409,
            12.552211570779422,
            9.159212590951975,
            9.825027310954486,
            9.560215376572037,
            9.30885015766324,
            9.314881311881637,
            10.073669074674358,
            9.807417418275037,
            10.334226823670157,
            10.230247219936848,
            10.639924017175243,
            11.732544958751571,
            11.295505189699611,
            11.433449059283538,
            10.127277469754363,
            10.671984440247835,
            10.659190896614199,
            11.138847302862908,
            8.90139003371666,
            10.801097449981597,
            10.90638495163491,
            11.087344369021343,
            11.650742631111846,
            11.015618901554639,
            9.204294033456293,
            9.665904195664307,
            8.692016317883771,
            8.610407976512791,
            11.490683761518264,
            8.902736957884066,
            9.39592627328571,
            8.943889790833683
        ],
        "total_energy_expected_values": [
            6.300679215686275,
            7.29178431372549,
            6.949745882352941,
            8.327583137254901,
            9.55303137254902,
            36.581203174603175,
            50.53161746031746,
            26.492962992125985,
            49.609674603174604,
            30.04785590551181,
            79.68969523809524,
            67.8578873015873,
            71.8556253968254,
            74.71460476190477,
            88.3441507936508,
            103.23624761904762,
            98.78524603174603,
            90.90690317460317,
            105.62300952380953,
            57.699853543307086,
            60.243217322834646,
            63.08574251968504,
            65.49354330708661,
            68.04524173228346,
            73.44836692913385,
            74.07072362204724,
            83.68207401574803,
            83.6025968503937,
            84.1687968503937,
            100.23585433070866,
            99.340068503937,
            110.12887007874016,
            82.50807637795276,
            90.0138653543307,
            86.72505984251968,
            105.72209527559055,
            67.2597305882353,
            106.18787322834646,
            101.19869921259843,
            111.74814881889763,
            119.65862047244094,
            113.62092992125984,
            79.2277,
            80.09639176470588,
            72.35106980392158,
            76.10634392156862,
            134.43400078740157,
            80.84190549019608,
            86.68975490196078,
            86.75473921568627
        ],
        "total_energy_stds": [
            134.7192483410514,
            150.92268417692935,
            138.62886394131965,
            150.89243508719412,
            168.02379184072794,
            315.30156523709974,
            392.7270116744568,
            277.1254012447207,
            356.52574498200477,
            285.2928965122747,
            512.2339444754316,
            432.1108228395721,
            433.5550004292925,
            440.9300481885872,
            503.42984595347457,
            547.224360678868,
            501.48555558153777,
            472.2334206905607,
            531.9259059025461,
            382.2663702456259,
            408.33924525113065,
            403.244794299099,
            403.9547210233485,
            408.1553177248141,
            430.4837863849523,
            421.4428035661504,
            461.97299463995927,
            456.1096991286642,
            466.92405976723137,
            536.3288563919706,
            513.0644744274879,
            546.3813235483293,
            426.84459301754714,
            465.5998248731685,
            448.30119733009286,
            518.4722623987113,
            415.219155984514,
            505.38355502399304,
            466.9428341603938,
            531.8102209236455,
            555.0031216711692,
            503.2315968193685,
            447.69816026391084,
            462.9353772502207,
            392.778785923529,
            412.8548555782041,
            564.8375339628536,
            431.2965166658395,
            475.2577791424672,
            436.24795853232166
        ]
    }
}